company_ticker,publication_date,title,article_text,source,word_count
AAPL,2026-06-22T21:16:14Z,Memory's price surge threatens Apple's 'magic formula' — and the economy: WSJ reporter,"Wall Street Journal technology reporter Rolfe Winkler discusses his interview with Apple (AAPL) CEO Tim Cook, who said that rising memory costs have made iPhone price increases ""unavoidable.""",Yahoo Finance Video,28
AAPL,2026-06-23T09:26:00Z,"Ranking the ""Magnificent Seven"" From Most to Least Attractive, Based on Future Cash Flow","Among Nvidia, Alphabet, Apple, Microsoft, Amazon, Tesla, and Meta Platforms, there are two exceptional bargains that have embraced artificial intelligence (AI).",Motley Fool,21
AAPL,2026-06-23T06:55:02Z,Jim Cramer Discusses President Trump’s Big Announcement For Apple (AAPL),"We recently published Jim Cramer Discussed Expensive Phones, A Cheap Stock Sector & These 18 Stocks. Apple Inc. (NASDAQ:AAPL) is one of the stocks discussed by Jim Cramer. Consumer electronics giant Apple Inc. (NASDAQ:AAPL)’s shares are up by 47% over the past year and by 9.9% year-to-date. Several analysts have discussed the firm in June. […]",Insider Monkey,56
AAPL,2026-06-23T04:32:29Z,Does Elon Musk represent a new form of capitalism?: podcast,"LONDON, June 23 (Reuters Breakingviews) - Follow on Apple or Spotify. The SpaceX ​boss became the first trillionaire by defying business wisdom, upending financial standards and embracing far-right politics.",Reuters,29
AAPL,2026-06-22T23:49:42Z,What Dell Stock's AI Order Book Revealed Before The Surge,"Before the stock more than tripled, the company’s official guidance was solid but sleepy, but the real story was hiding in the raw demand figures.",Trefis,25
AAPL,2026-06-22T21:31:12Z,"Tim Cook Says 'Pretty Good' Workers Master Their Jobs, While 'Brilliant' Workers Do This One Thing To Get To 100%: Excellence Can Only Get You So Far","Apple Inc. CEO Tim Cook says the difference between strong employees and truly brilliant ones comes down to purpose, arguing that excellence alone can take workers far, but not all the way. Cook Says Purpose Pushes Workers Past Excellence Cook told GQ in a video published in April 2023, ""We can all perform at 90%,"" adding, ""to get to 100%, you have to be inspired by something. You have to be working for some greater cause. There has to be some reason for doing it that’s beyond just being excelle",Benzinga,90
AAPL,2026-06-22T20:34:17Z,"Stocks to Watch Recap: SpaceX, Alphabet, AbbVie, Intel","↗️ AbbVie (ABBV): The pharmaceutical company agreed to buy Apogee Therapeutics (APGE) for about $10.9 billion. AbbVie shares advanced more than 6%, while the biotech company's stock shot up more than 46%.",The Wall Street Journal,32
AAPL,2026-06-22T20:18:07Z,The Best Warren Buffett Dividend Stocks,The best Warren Buffett dividend stocks are expected to produce impressive returns for the Berkshire Hathaway equity portfolio. Here are five with healthy yields.,Kiplinger,24
AAPL,2026-06-22T19:42:57Z,"QQQ vs QQQM: Same Nasdaq-100 Index, One Clear Winner for Long-Term Investors","<p>QQQ and QQQM track the identical Nasdaq-100 index. The only material differences are expense ratio, share price, and options liquidity. Here's which one belongs in your portfolio, and why most long-term investors should make the switch.</p>",etf.com,36
MSFT,2026-06-22T14:17:25Z,"SpaceX stock tumbles 16.4%, shaving off most IPO gains since debut","SpaceX stock fell again on Monday, giving it three straight down days after a massive run-up following its IPO earlier this month. SpaceX also confirmed its first-ever bond issuance in a filing.",Yahoo Finance,32
MSFT,2026-06-22T13:39:35Z,Microsoft CEO Satya Nadella warns of AI concentration risks,"In an interview with the Wall Street Journal, Microsoft (MSFT) CEO Satya Nadella warned of the growing concentration in the handful of artificial intelligence companies leading the AI boom.  Morning Brief Host Julie Hyman and Semafor business and finance editor Liz Hoffman break down where Nadella's biggest concerns lie. Private developers Anthropic (ANTH.PVT) and OpenAI (OPAI.PVT) are set for mega-IPOs in late 2026, with Microsoft owning 27% of the latter's for-profit arm.",Yahoo Finance Video,72
MSFT,2026-06-23T09:27:10Z,Stocks hit by Fed rate reality check; oil slips,"By Amanda Cooper LONDON, June 23 (Reuters) - Global stocks fell on Tuesday, led by broad-based declines in technology stocks, as investors expect the Federal Reserve to take more aggressive action to",Reuters,32
MSFT,2026-06-23T08:53:52Z,SpaceX sheds $600 billion in three days as it taps the bond market for the first time,"SpaceX shares have fallen for a third straight session, sinking to their lowest level since the firm's market debut and wiping out most of the spectacular gains made after its IPO, just as it launches its first-ever bond sale.View on euronews",Euronews,41
MSFT,2026-06-23T08:45:28Z,Is IBM Stock A Buy At $265?,"After a decade of reinvention, the technology giant is posting strong software and infrastructure numbers, but its own cautious guidance raises the central question for investors.",Trefis,26
MSFT,2026-06-23T06:55:49Z,Jim Cramer Reveals What He’d Like To See With Microsoft (MSFT),"We recently published Jim Cramer Discussed Expensive Phones, A Cheap Stock Sector & These 18 Stocks. Microsoft Corporation (NASDAQ:MSFT) is one of the stocks discussed by Jim Cramer. Software giant Microsoft Corporation (NASDAQ:MSFT)’s shares have been among the weakest this year. Over the year, they are down by 20% while year-to-date they are down by […]",Insider Monkey,56
MSFT,2026-06-23T06:36:04Z,MSFT Stock Enters Bear Market After 21% Drop From Peak: Retail Cautious But Analysts Stay Overwhelmingly Bullish,"Microsoft, an early AI leader through its partnership with OpenAI, has been swept up in the broader negative sentiment surrounding software stocks.",Stocktwits,22
TSLA,2026-06-23T08:56:14Z,"NatPower, Tesla reach deal on first phase of $5 billion battery storage plan","LONDON, June 23 (Reuters) - Independent energy firm NatPower and ‌Tesla said on Tuesday they had reached ‌a deal to build 25 gigawatt hours of battery storage ​in Italy and Britain, the first phase of a project worth up to $5 billion. Countries across Europe are ramping up battery storage projects to help ‌balance the rollout ⁠of intermittent renewable power capacity.",Reuters,61
TSLA,2026-06-23T05:07:00Z,Tesla headed for its biggest fight in Europe yet,"Tesla's recovery in Europe has been remarkable. Europe, the world's second-largest EV market behind China, seemed done with the company in 2025. Tesla (TSLA) lost market share in European countries where it had previously been popular as the influx of cheaper Chinese models and CEO Elon Musk's ...",TheStreet,48
TSLA,2026-06-23T01:34:53Z,Is Rivian Automotive Stock A Smart Buy Right Now?,"The electric vehicle maker has a promising new vehicle and a mountain of cash to fund its future, but the road to profitability is paved with near-term losses and significant execution risk.",Trefis,32
TSLA,2026-06-22T23:32:00Z,Fatal Tesla Crash Into Texas Home Now Under Federal Safety Investigation,"A driver told officials he was using a driver-assistance system when his car slammed into a Houston-area home, killing a woman.",The Wall Street Journal,21
NVDA,2026-06-21T22:58:17Z,"Stock market today: S&P 500, Nasdaq slide as Big Tech, SpaceX hammered","US stocks traded mixed on Monday as investors assessed signs of progress in US-Iran peace talks, while shares of Elon Musk's SpaceX (SPCX) fell for the third day in a row.",Yahoo Finance,31
NVDA,2026-06-23T09:52:46Z,3 S&P 500 Stocks with Exciting Potential,"The S&P 500 (^GSPC) is packed with companies that have built dominant market positions, making it a core index for investors. A select few continue to innovate and expand, setting themselves up for long-term success.",StockStory,35
NVDA,2026-06-23T09:07:07Z,"Nasdaq futures drop over 2% as AI buildout costs, Fed rate outlook weigh","By Johann M Cherian and Twesha Dikshit June 23 (Reuters) - Futures tracking the tech-heavy Nasdaq fell more than 2%, leading declines among Wall Street futures on Tuesday, as concerns over imminent",Reuters,32
AMZN,2026-06-22T19:34:21Z,"Amazon Prime Day to spark online spending frenzy as Walmart, Target lean into deal days","Amazon Prime Days kick off on Tuesday. Walmart, Target, and Best Buy are competing for a piece of the pie.",Yahoo Finance,20
AMZN,2026-06-23T08:45:29Z,"QBTS, RGTI, IONQ On Fire: What's Happening With These Quantum Stocks?","Quantum stocks are on fire today. The immediate catalyst is a pair of executive orders signed by President Trump on June 22, 2026, targeting national quantum capabilities and cryptographic defense.",Trefis,30
AMZN,2026-06-23T08:41:31Z,SpaceX Rout Set to Push Market Value Below $2 Trillion,"(Bloomberg) -- SpaceX shares extended declines in premarket trading, a day after the company saw the second-largest single-session drop in market value on record. Most Read from BloombergSpaceX Falls for Third Day, Erases $600 Billion in Market ValueOracle Cut 21,000 Jobs in 12 Months, Says AI Replaced Some RolesKorean Stocks Tumble 10% as Extreme Volatility Rattles InvestorsStocks Fall as SpaceX’s Rout Offsets US-Iran Hopes: Markets WrapMeta Invests $900 Million in Cred, Taps Founder to Head Wh",Bloomberg,76
AMZN,2026-06-23T06:57:09Z,Jim Cramer Wonders How Many Times Amazon (AMZN) Has Announced NVIDIA Chip Competitors,"We recently published Jim Cramer Discussed Expensive Phones, A Cheap Stock Sector & These 18 Stocks. Amazon.com, Inc. (NASDAQ:AMZN) is one of the stocks discussed by Jim Cramer. eCommerce and cloud computing giant Amazon.com, Inc. (NASDAQ:AMZN)’s shares are up by a modest 16.6% over the past year and by 7.9% year-to-date. Like other hyperscalers, the […]",Insider Monkey,56
GOOGL,2026-06-22T19:59:06Z,SpaceX initiates first bond sale while the stock sheds post-IPO gains,SpaceX (SPCX) stock has sunk by as much as 13% in Monday's session — continuing to shave off any post-IPO gains — as the Elon Musk company is already announcing its first bond issuance. Yahoo Finance Senior Transports Reporter Pras Subramanian comes on Market Domination to further discuss these details.,Yahoo Finance Video,50
GOOGL,2026-06-23T09:06:37Z,Stock Futures Dive as Tech Selloff Rages On,"Stock futures were tumbling on Tuesday as investors continued to ditch technology stocks, which took a battering the previous session after a Nobel Prize-winning scientist left Google parent Alphabet for artificial intelligence start-up Anthropic.  Nasdaq 100 futures plunged 2.6%.  Dow Jones Industrial Average futures fell 350 points, or 0.7%.",Barrons.com,49
GOOGL,2026-06-23T06:57:19Z,Jim Cramer Wonders How Many Times Alphabet (GOOG) Has Announced NVIDIA Chip Competitors,"We recently published Jim Cramer Discussed Expensive Phones, A Cheap Stock Sector & These 18 Stocks. Alphabet Inc. (NASDAQ:GOOG) is one of the stocks discussed by Jim Cramer. Technology giant Alphabet Inc. (NASDAQ:GOOG)’s shares are up by a strong 120% over the past year and by 16.8% year-to-date. As 2026 has settled in, Cramer has […]",Insider Monkey,56
META,2026-06-22T19:47:19Z,"Abbvie acquiring Apogee for $10.9B, Coca-Cola vs. IRS in appeals court","Yahoo Finance Senior Reporter Brooke DiPalma joins Josh Lipton in highlighting the day's biggest stories and stock moves, including AbbVie's (ABBV) $10.9 billion acquisition of Apogee Therapeutics (APGE) and Coca-Cola's (KO) latest legal showdown with the IRS in US appeals court.",Yahoo Finance Video,41
META,2026-06-23T08:42:22Z,India startup head Kunal Shah appointed as new WhatsApp boss,"Meta has tapped Indian fintech founder Kunal Shah to be the new head of WhatsApp, as the US tech giant seeks ways to monetise the messaging app's massive user base.This experience is likely to help WhatsApp as it seeks new revenue streams that go beyond the core advertising business of Meta, which also runs Facebook and Instagram.",AFP,57
META,2026-06-23T06:54:55Z,Jim Cramer Discusses Major Market Questions About Meta Platforms (META),"We recently published Jim Cramer Discussed Expensive Phones, A Cheap Stock Sector & These 18 Stocks. Meta Platforms, Inc. (NASDAQ:META) is one of the stocks discussed by Jim Cramer. Social media giant Meta Platforms, Inc. (NASDAQ:META) has positioned itself as a key player in the hyperscaler AI capital expenditure race. Its shares are down by […]",Insider Monkey,56
META,2026-06-23T04:19:55Z,Meta To Pour $900 Million Into CRED as Its CEO Joins Meta,Meta names CRED founder Kunal Shah as WhatsApp's new head and leads a $900 million round in his Indian fintech.,BeInCrypto,20
META,2026-06-23T00:00:00Z,How Many Barrels of Oil Do AI Data Centers Consume on a Daily Basis?,"In 2017, mining one Bitcoin took 20 barrels of oil. Today it's 500, and AI's appetite dwarfs it. Inside the energy math and the miner cashing in.",Oilprice.com,27
NFLX,2026-06-23T01:16:14Z,Netflix (NFLX) Stock After 42% Slide In Year Looks Cheap On Cash Flow And Earnings,"If you are wondering whether Netflix stock looks cheap or expensive today, the key is understanding how its current price lines up with different measures of underlying value. The share price closed at US$72.89, with returns declining 10.8% over the past week, 17.7% over the past month, 19.9% year to date, and 41.9% over the last year, set against gains of 75.2% over three years and 36.7% over five years. Recent coverage has focused on how Netflix is balancing heavy content investment with...",Simply Wall St.,83
NFLX,2026-06-22T19:06:52Z,NFLX Stock Sinks To Near 52-Week Low: Retail Traders Think It Is A Great Buying Opportunity,Netflix stock is on track for its worst day in nearly two months and a fraction higher than its 52-week low of $71.8 per share.,Stocktwits,25
AMD,2026-06-23T02:09:02Z,"Nasdaq, S&P 500 Futures Dip After Megacap Tech Selloff: Why SPCX, INFQ, PLTR, QBTS, HIMS Are In Focus","Tuesday's catalysts include flash PMIs, Richmond Fed data, ADP weekly employment, Treasury bill and 2-year note auctions, and May money supply.",Stocktwits,21
AMD,2026-06-23T01:23:06Z,NVIDIA Stock's Next Big Move Might Not Involve A GPU,"With all eyes on the company's AI chip dominance, it's quietly opening a massive new front in a market it has never touched before.",Trefis,24
AMD,2026-06-22T23:15:09Z,Dell’s AI-Focused Spending Spree and New Debt Financing Could Be A Game Changer For Dell Technologies (DELL),"Dell Technologies recently completed several fixed-income offerings totaling about US$3.0 billion in senior unsecured notes maturing between 2031 and 2037, secured a new US$6.0 billion revolving credit facility, and affirmed a quarterly dividend of US$0.63 per share payable on July 31, 2026. At the same time, Dell is expanding its role in AI infrastructure by launching Vera Rubin–based PowerEdge servers, shipping rack-scale AI systems to partners like CoreWeave, and collaborating with AMD...",Simply Wall St.,72
AMD,2026-06-22T21:45:04Z,Advanced Micro Devices (AMD) Ascends While Market Falls: Some Facts to Note,"In the most recent trading session, Advanced Micro Devices (AMD) closed at $551.63, indicating a +2.65% shift from the previous trading day.",Zacks,22
AMD,2026-06-22T20:50:42Z,The Real Price Of Admission For Broadcom Stock,"The sticker price on Broadcom shares looks high, but a patient investor is effectively paying a much lower multiple once you account for the growth analysts see coming.",Trefis,28
INTC,2026-06-22T14:34:22Z,Tech stocks live: Tech stocks mixed ahead of Micron earnings Wednesday,"Memory giant Micron (MU) will report its third quarter earnings after the bell on Wednesday, providing another update on the broader AI build-out.",Yahoo Finance,23
INTC,2026-06-23T08:24:00Z,Stock Futures Slide as Technology Selloff Spreads,Futures for the Nasdaq were more than 2% lower in early European trade as a global selloff in technology stocks gathered pace.,The Wall Street Journal,22
INTC,2026-06-23T06:57:00Z,Jim Cramer Discusses President Trump’s Big Intel (INTC) Announcement,"We recently published Jim Cramer Discussed Expensive Phones, A Cheap Stock Sector & These 18 Stocks. Intel Corporation (NASDAQ:INTC) is one of the stocks discussed by Jim Cramer. Chip manufacturing giant Intel Corporation (NASDAQ:INTC)’s shares are among the hottest on the market. They are up by a whopping 535% over the past year and 240% […]",Insider Monkey,56
INTC,2026-06-23T03:04:15Z,"Why Did INTC, KEEL, APGE Stocks Hit 52-Week Highs Today?","The gains showed increasing investor interest in companies benefiting from rising demand for AI infrastructure, large-scale chip manufacturing projects, and acquisitions.",Stocktwits,21
INTC,2026-06-23T02:54:08Z,Qualcomm Nears Deal for AI Chip Startup Modular,"(Bloomberg) -- Qualcomm Inc. is in advanced talks to acquire Modular Inc. in a transaction valuing the artificial intelligence infrastructure software company at about $4 billion, according to people familiar with the matter.Most Read from BloombergSpaceX Falls for Third Day, Erases $600 Billion in Market ValueOracle Cut 21,000 Jobs in 12 Months, Says AI Replaced Some RolesStocks Fall as SpaceX’s Rout Offsets US-Iran Hopes: Markets WrapMeta Invests $900 Million in Cred, Taps Founder to Head What",Bloomberg,76
INTC,2026-06-23T01:48:22Z,United Microelectronics (UMC) Hits All-Time High on New Deal Buzz,"United Microelectronics Corp. (NYSE:UMC) is one of the 10 Stocks Paying Off Big Time. United Microelectronics saw its share prices jump to a new all-time high, as investors loaded portfolios following reports that it is collaborating with Intel Corp. for the production of semiconductors. In intra-day trading, the stock climbed to its highest price of […]",Insider Monkey,56
JPM,2026-06-23T08:35:45Z,Here is why JPMorgan Chase (JPM) Is Among the Cheapest Jim Cramer Stocks to Invest In,"JPMorgan Chase & Co. (NYSE:JPM) is one of the 10 Cheap Jim Cramer Stocks to Invest In Right Now. On June 15, 2026, following the recent expansion to Europe, JPMorgan Chase & Co. (NYSE:JPM) expanded its 10-year, $1.5 trillion Security and Resiliency Initiative (SRI) to Canada. The initiative funds critical industries like defense and supply […]",Insider Monkey,56
JPM,2026-06-23T05:10:08Z,Primary Health Properties (LSE:PHP) Stock Draws Fresh Price Target Split After Analyst Views Diverge,"The latest research on Primary Health Properties centres on a refined £1.05 price target, set against an unchanged fair value estimate of £1.15 per share. Analysts expressing more constructive views see this £1.05 level as consistent with their confidence in the company’s long term profitability assumptions, while more cautious voices question how much upside that target really offers. As you read on, you will see how this evolving price target story fits into the wider analyst narrative and...",Simply Wall St.,78
JPM,2026-06-23T02:30:17Z,Jamie Dimon Says He'd Consider Treasury Secretary Role Today— But His Response When Trump Ruled Him Out In 2024 Was Priceless: 'I  Haven't Had...',"A few days after winning the 2024 elections, President Donald Trump ruled out offering a post to JPMorgan Chase & Co.’s CEO Jamie Dimon in his second-term administration. At the APEC CEO Summit in 2024, Peru, when Dimon was asked about Trump’s stance, he responded on a lighter note, “I wish the president well and thank you, it’s a very nice note, but I just want to tell the President also I haven’t had a boss for 25 years and I’m not about ready to start.” Don’t Miss: A single bad hire can set a",Benzinga,95
JPM,2026-06-23T02:09:00Z,Anchorage Digital Launches Tokenized Deposit Platform for Banks,Anchorage Digital is giving banks a new way to move deposits onchain without forcing them to rebuild the systems th...,CryptoProwl,20
JPM,2026-06-23T00:03:00Z,JPMorgan drops blunt verdict on stock market rally,"Investors have several reasons to expect a more cautious message from JPMorgan. The S&P 500 rally has already been powerful; valuations are no longer cheap, and the market has been balancing Fed uncertainty, stretched positioning, and questions about how much good news is priced in. However, in ...",TheStreet,48
JPM,2026-06-22T22:03:19Z,Why Baldwin Insurance Group (BWIN) Stock Is Trading Up Today,"Shares of insurance distribution company Baldwin Insurance Group (NASDAQ:BWIN) jumped 19.3% in the afternoon session after reports surfaced that the insurance brokerage has retained advisers to explore strategic options, including a potential take-private transaction backed by private equity.",StockStory,38
JPM,2026-06-22T20:21:31Z,Getty Images Surges 145% After Announcing OpenAI Deal,"(Bloomberg) -- Shares of stock-photo company Getty Images Holdings Inc. soared as much as 145% on Monday after it announced a licensing deal with OpenAI.Most Read from BloombergSpaceX Falls for Third Day, Erases $600 Billion in Market ValueIran Says Hormuz Closed Again as Talks With US Set to OpenStocks Fall as SpaceX’s Rout Offsets US-Iran Hopes: Markets WrapUS and Iran Make ‘Progress’ in Talks, Aim to Keep Hormuz OpenMeta Invests $900 Million in Cred, Taps Founder to Head WhatsAppIn a statemen",Bloomberg,81
JPM,2026-06-22T18:47:00Z,J.P. Morgan Asks Court to Vacate $4.25 Million Award Over Advisor’s Super Bowl Expense,"The firm says that an arbitration panel erred in granting any relief to Brent Bodner, whom it says was an at-will employee who could have been fired for any reason, or none at all.",Barrons.com,34
JPM,2026-06-22T18:05:24Z,"JPMorgan: 2026 rally entirely earnings-driven, bull case targets 8900 by year-end","Stephen Parker, co-head of global investment strategy at JPMorgan Private Bank, told CNBC that “the rally that we’ve seen this year has been entirely earnings driven. Even the most bullish expectations have been consistently exceeded.” His base case puts the S&P 500 at 7800 by year-end, with a bull case of 8900. The stakes are ... JPMorgan: 2026 rally entirely earnings-driven, bull case targets 8900 by year-end",24/7 Wall St.,67
JPM,2026-06-22T17:42:53Z,"Oil’s Plunge Below $80 Is Already Reshaping the Fed’s Rate Path, Says Apollo’s Torsten Slok","Torsten Slok, the Apollo Global Management (NYSE:APO) chief economist who has spent the past year warning that the Fed would have less room to cut than markets wanted, went on CNBC last week and essentially argued that his own thesis had just been overturned by a barrel of oil. The Federal Open Market Committee had ... Oil’s Plunge Below $80 Is Already Reshaping the Fed’s Rate Path, Says Apollo’s Torsten Slok",24/7 Wall St.,71
BAC,2026-06-23T06:46:40Z,3 Fed Rate Hikes Now on Bank of America’s 2026 Radar,"BofA reversed course to forecast 3 Fed rate hikes in 2026, amid sticky inflation and Chair Kevin Warsh hawkish turn.",BeInCrypto,20
BAC,2026-06-23T04:13:53Z,Sony Plans First Dollar-Bond Sale in Nearly Three Decades,"(Bloomberg) -- Sony Group Corp. was still marketing the original PlayStation when it last tapped the US investment-grade bond market. Almost three decades later, it’s readying a comeback. Most Read from BloombergSpaceX Falls for Third Day, Erases $600 Billion in Market ValueOracle Cut 21,000 Jobs in 12 Months, Says AI Replaced Some RolesKorean Stocks Tumble 10% as Extreme Volatility Rattles InvestorsStocks Fall as SpaceX’s Rout Offsets US-Iran Hopes: Markets WrapMeta Invests $900 Million in Cred",Bloomberg,75
BAC,2026-06-23T04:11:49Z,Citi Sees Aerie Helping Offset Weakness at American Eagle (AEO) Brand,"American Eagle Outfitters, Inc. (NYSE:AEO) is included among the 13 Best Dividend Stocks to Buy Under $25. On June 1, Citi lowered its price recommendation on American Eagle Outfitters, Inc. (NYSE:AEO) to $18 from $24. It reiterated a Neutral rating on the stock. The update came following the company’s first-quarter results. The firm said momentum […]",Insider Monkey,56
BAC,2026-06-23T04:03:29Z,Hormel Foods (HRL) Earns Target Hike from BofA after Strong Quarterly Results,"Hormel Foods Corporation (NYSE:HRL) is included among the 13 Best Dividend Stocks to Buy Under $25. On May 29, BofA raised its price recommendation on Hormel Foods Corporation (NYSE:HRL) to $25 from $23. It reiterated a Neutral rating on the shares. The firm said the stock’s reaction to the company’s second-quarter adjusted EPS beat was […]",Insider Monkey,56
BAC,2026-06-22T21:07:46Z,Bank of America (BAC) Says Lower Income Spending Is Closing The Consumer Gap,"Bank of America (NYSE:BAC) card data points to a shift in U.S. consumer spending patterns, with lower income households closing the gap with higher income groups. The data suggests the previously discussed K shaped economy is fading as blue collar job growth supports spending at the lower end of the income spectrum. This development affects how Bank of America assesses consumer credit risk, loan demand, and its broader view of the U.S. economy. For investors watching Bank of America, this...",Simply Wall St.,80
BAC,2026-06-22T18:22:18Z,Where Will Amazon Stock Be In 2 Years?,"Amazon (NASDAQ:AMZN) just posted a blowout quarter Q1 2026 EPS of $2.78 beat consensus by 60.69%, AWS reaccelerated to 28% growth, the fastest in 15 quarters, and chips business crossed a $20 billion annual run rate growing triple digits. Yet shares trade at $244.39, flat for the year. Can this stock reach $400 by 2028, ... Where Will Amazon Stock Be In 2 Years?",24/7 Wall St.,64
BAC,2026-06-22T17:09:29Z,Treasuries Holds Losses After Oil Drops on US-Iran Progress,"(Bloomberg) -- Treasuries fell as trading resumed following a US public holiday, with Washington and Tehran working to hammer out details of a peace accord.Most Read from BloombergIran Says Hormuz Closed Again as Talks With US Set to OpenUS and Iran Make ‘Progress’ in Talks, Aim to Keep Hormuz OpenStocks Fall as SpaceX’s Rout Offsets US-Iran Hopes: Markets WrapMeta Taps New WhatsApp Boss as Part of $900 Million InvestmentSpaceX Falls for Third Day, Erases $600 Billion in Market ValueUS 10-year y",Bloomberg,81
GS,2026-06-23T10:00:00Z,"Best CD rates today, Tuesday, June 23, 2026: Lock in up to 4% APY today","Some of the highest CD rates are at 4% APY or higher. Not sure where to find them? Learn more about where to get the best CD rates right today, Tuesday, June 23, 2026.",Yahoo Personal Finance,34
GS,2026-06-23T09:38:27Z,Gold Slumps as Tech Selloff Reverberates Through Global Markets,"(Bloomberg) -- Gold slumped toward $4,000 an ounce and silver plunged as much as 5% as a broad selloff swept through financial markets.Most Read from BloombergSpaceX Falls for Third Day, Erases $600 Billion in Market ValueOracle Cut 21,000 Jobs in 12 Months, Says AI Replaced Some RolesKorean Stocks Tumble 10% as Extreme Volatility Rattles InvestorsStocks Fall as SpaceX’s Rout Offsets US-Iran Hopes: Markets WrapMeta Invests $900 Million in Cred, Taps Founder to Head WhatsAppBullion prices dropped",Bloomberg,76
GS,2026-06-23T08:32:46Z,Gold Bulls Gut Outlooks as Deutsche Bank Follows Goldman’s Cut,"(Bloomberg) -- Deutsche Bank AG reduced gold price forecasts by as much as 22%, as investors become more wary about the outlook for US monetary policy and investment demand for the precious metal dries up.Most Read from BloombergSpaceX Falls for Third Day, Erases $600 Billion in Market ValueOracle Cut 21,000 Jobs in 12 Months, Says AI Replaced Some RolesKorean Stocks Tumble 10% as Extreme Volatility Rattles InvestorsStocks Fall as SpaceX’s Rout Offsets US-Iran Hopes: Markets WrapMeta Invests $90",Bloomberg,78
GS,2026-06-23T07:11:59Z,Latham Group (SWIM) Stock Draws Fresh Price Target Split After Reaffirmed 2026 Guidance,"Latham Group is back in focus as analysts adjust their price targets, with some lifting expectations and others cutting targets by US$1. These opposing moves reflect a split view on how current execution and growth potential stack up against where the stock trades today. As you read on, you will see how to track these shifting calls and what they might mean for following the evolving Latham Group story. Analyst Price Targets don't always capture the full story. Head over to our Company Report...",Simply Wall St.,84
GS,2026-06-23T05:21:49Z,China Pursues Austerity With First Fiscal Gap Cutback Since 2023,"(Bloomberg) -- China narrowed its cumulative fiscal deficit for the first time in more than two years, pressing ahead with austerity despite muted domestic demand and slowing economic growth.Most Read from BloombergSpaceX Falls for Third Day, Erases $600 Billion in Market ValueOracle Cut 21,000 Jobs in 12 Months, Says AI Replaced Some RolesKorean Stocks Tumble 10% as Extreme Volatility Rattles InvestorsStocks Fall as SpaceX’s Rout Offsets US-Iran Hopes: Markets WrapMeta Invests $900 Million in C",Bloomberg,75
GS,2026-06-23T03:52:43Z,Goldman Sachs Keeps Sell Rating on Atlas Energy Solutions (AESI) after Revising Target Higher,"Atlas Energy Solutions Inc. (NYSE:AESI) is included among the 13 Best Dividend Stocks to Buy Under $25. On June 4, Goldman Sachs raised its price recommendation on Atlas Energy Solutions Inc. (NYSE:AESI) to $14 from $9. It reiterated a Sell rating on the shares. In a research note, the analyst said the company faces headwinds […]",Insider Monkey,56
GS,2026-06-23T03:16:32Z,InterContinental Hotels Group (LSE:IHG) Stock Sees Modest Fair Value Lift As Analysts Split On Growth,"InterContinental Hotels Group is back in focus after research houses updated their price targets, with Goldman Sachs moving to US$188 and Bernstein setting US$154. These shifts sit against a backdrop of mixed analyst commentary, where some highlight net unit growth and an expanding pipeline while others still prefer alternative hotel stocks for the next stage of the cycle. As you read on, you will see how these changing targets fit into the broader narrative and how to keep track of where...",Simply Wall St.,81
GS,2026-06-23T00:28:18Z,‘FOMO Really Got Me’: Taiwanese Go Deep Into Debt to Amp 100% Stock Rally,"(Bloomberg) -- Andy Cheng is 26, unemployed and, with the help of a little borrowed money, the proud owner of $60,000 worth of Taiwanese tech stocks. And in many ways, he speaks for the entire island of 23 million people when he doles out the following advice: “Buy any stock and you will make money.”AI mania has gripped any number of stock markets across the globe in recent months — South Korea, China, the US — but perhaps nowhere is at it as frenzied as here in Taiwan, the No. 1 producer of the",Bloomberg,94
GS,2026-06-22T11:55:42Z,Goldman cuts U.S. recession risk to 15% after Iran deal,"Investing.com -- Goldman Sachs has cut its 12-month U.S. recession probability to 15% following the U.S.-Iran agreement, with chief economist Jan Hatzius citing reduced downside risks to the economic outlook and an improvement in underlying labor market resilience.",Investing.com,38
GS,2026-06-22T11:30:02Z,Goldman Cuts U.S. Recession Forecast,"Goldman Sachs now sees a smaller chance of a recession in the U.S. thanks to the peace agreement with Iran.  The bank cut its 12-month recession odds to 15% from 25%, citing falling energy prices.  It now sees an even lower chance of recession than it did before the war, when it put the odds at 20%.",The Wall Street Journal,57
MS,2026-06-22T18:00:00Z,Are bitcoin dividend ETFs setting the stage for $4T crypto race on Wall Street?,"Scott Melker discusses Franklin Templeton's filing to offer the first bitcoin (BTC-USD) dividend ETF, commenting on Wall Street's Dividend Reinvestment Plan (DRIP) strategy around cryptocurrency. ""The Daily Wolf with Scott Melker"" airs every day at 12:00 p.m. Tune in for your daily dose of all things crypto. Make sure to also check out Yahoo Finance's new crypto hub to find the latest crypto-related news.",Yahoo Finance Video,64
MS,2026-06-22T18:19:00Z,Morgan Stanley Weighs Expansion to Dallas With $1.33 Billion Office-Building Deal,"If the project is carried out, Morgan Stanley would join a host of other financial institutions to establish or expand operations in Texas over the last several years.",The Wall Street Journal,28
MS,2026-06-22T14:02:00Z,Is Bank of America Stock's Low Valuation a Bargain or a Warning Sign?,"BAC trades below peers on a P/S basis, but rising costs and a mixed earnings outlook may temper near-term upside despite growth drivers.",Zacks,23
MS,2026-06-22T08:29:16Z,Soaring Profits in Emerging Markets Build Case for a Raging Bull Market,"(Bloomberg) -- For the first time in four years, companies in emerging markets are beating profit estimates, giving investors a fresh reason to believe the bull market is just getting started.Most Read from BloombergIran Says Hormuz Closed Again as Talks With US Set to OpenUS and Iran Make ‘Progress’ in Talks, Aim to Keep Hormuz OpenIranian Negotiators Said to Still Be Engaged in Talks With USDOJ Rejects Judge Request to Certify $1.8 Billion Fund NixedThe ‘Mass Affluent’ Are Losing Their Allure",Bloomberg,81
MS,2026-06-22T01:28:50Z,Aluminum’s War Shock Blunted by Dark Transits and Chinese Supply,"(Bloomberg) -- The Iran war caused one of the biggest supply shocks to ever hit the aluminum market, but the runaway price surge that many were bracing for has been blunted by the ingenuity of producers from the Middle East to China. Most Read from BloombergIran Says Hormuz Closed Again as Talks With US Set to OpenUS and Iran Make ‘Progress’ in Talks, Aim to Keep Hormuz OpenIranian Negotiators Said to Still Be Engaged in Talks With USDOJ Rejects Judge Request to Certify $1.8 Billion Fund NixedTr",Bloomberg,87
MS,2026-06-21T17:33:00Z,Morgan Stanley gives Google stock investors reason to rethink AI spending,"Google stock investors were, for the most part, bracing for another AI spending headache. For some context, the tech giant had already bumped its full-year 2026 capex guidance to $180 billion to $190 billion, saying demand for AI compute is “unprecedented.” At the same time, 2027 capex is expected ...",TheStreet,50
C,2026-06-22T21:50:02Z,Citigroup (C) Rises As Market Takes a Dip: Key Facts,"In the closing of the recent trading day, Citigroup (C) stood at $145.69, denoting a +1.84% move from the preceding trading day.",Zacks,22
C,2026-06-22T19:08:47Z,Citigroup Inc. (C): One of The Elite Financial Stocks to Buy?,We just covered the 10 Best Financial Stocks to Buy According to Warren Buffett and Citigroup Inc. (NYSE:C) ranks 10th on this list. Citigroup Inc. (NYSE:C) was once a consistent feature in the 13F portfolio of Berkshire Hathaway. The fund first disclosed a stake in the company back in the first quarter of 2022. Back […],Insider Monkey,56
C,2026-06-22T12:50:07Z,Why Citi Sees a Potential Upside Opportunity in Sherwin-Williams (SHW) Despite Housing Headwinds,"With a short percentage of shares outstanding of 2.58%, The Sherwin-Williams Company (NYSE:SHW) is among the 7 Best Building Materials Stocks to Buy for the Residential Recovery. On June 3, Citi reinstated coverage of The Sherwin-Williams Company (NYSE:SHW) with a Buy rating and a $355 price target. The firm views the current share price as an attractive entry opportunity […]",Insider Monkey,60
C,2026-06-22T12:08:13Z,Citi Cuts PT on Adobe Inc. (ADBE),"Adobe Inc. (NASDAQ:ADBE) is one of the best AI software stocks to buy according to hedge funds. Citi cut the price target on Adobe Inc. (NASDAQ:ADBE) to $228 from $264 on June 12 and reaffirmed a Neutral rating on the shares, telling investors in a research note that the company reported “relatively solid” fiscal Q2 […]",Insider Monkey,56
C,2026-06-22T07:15:46Z,Chinese Stocks in Hong Kong Rebound From Edge of Bear Market,"(Bloomberg) -- A gauge of Chinese equities in Hong Kong trimmed losses, supported by a rotation into financial shares as investors shifted out of artificial intelligence-linked names.Most Read from BloombergIran Says Hormuz Closed Again as Talks With US Set to OpenUS and Iran Make ‘Progress’ in Talks, Aim to Keep Hormuz OpenIranian Negotiators Said to Still Be Engaged in Talks With USDOJ Rejects Judge Request to Certify $1.8 Billion Fund NixedThe ‘Mass Affluent’ Are Losing Their Allure for Wealt",Bloomberg,79
C,2026-06-22T02:36:50Z,"Citigroup (C) Could Surpass Long-Term Profitability Target, According to Wells Fargo","Citigroup Inc. (NYSE:C) is included among the Top 12 Dividend Stocks to Buy According to Billionaire Cliff Asness. On June 18, Wells Fargo raised its price recommendation on Citigroup Inc. (NYSE:C) to $165 from $162. It reiterated an Overweight rating on the shares. The firm believes Citi is positioned to exceed its 2026 return on […]",Insider Monkey,56
WMT,2026-06-23T01:47:00Z,Walmart and Target gain ground before Prime Day battle,"Amazon Prime Day evolved out of the company's desire to grow Prime memberships and create a shopping holiday during the slower summer season. The company frames the event, which launched in 2015, as a gift to loyal customers. ""Prime Day is about celebrating our members by providing them with ...",TheStreet,50
WMT,2026-06-22T23:45:00Z,102-year-old supermarket chain quietly shut down,"Grocery stores used to serve as neighborhood hubs, because before delivery, the internet, and retailers like Target and Walmart moving into the space, brick-and-mortar retailers were the only option. When I was a kid back in the 1980s, my town had a Star Market. That was the only supermarket that ...",TheStreet,51
WMT,2026-06-22T21:30:00Z,Walmart slashed the prices of expensive electronics by up to 88% off,"You've likely heard of Christmas in July, but what about the Black Friday of summer? Over a decade ago, back in 2015, Amazon hosted its very first Prime Day Sale, and it has since evolved into a monumental savings week that multiple retailers participate in. Walmart is the first to get into the ...",TheStreet,54
WMT,2026-06-22T21:13:35Z,"BP, Marathon, 7-Eleven, Walmart sued for allegedly using AI to boost California gas prices","Gas station operators including BP, Circle K, Marathon Petroleum, 7-Eleven, Walmart and Albertsons were sued ‌on Monday by California drivers who accused them of using ‌artificial intelligence to boost prices at the pump.  According to a proposed class action, the ​defendants violated California's main antitrust law, the Cartwright Act, by using an AI-based tool that uses data from competing gas stations to ""coordinate high prices and wring more money from the pockets of consumers.""",Reuters,74
WMT,2026-06-22T17:31:00Z,Prime Day Is Almost Here. It’s a Test of Amazon’s AI Strategy.,"Amazon.com’s  upcoming Prime Day will be a litmus test for the kind of boost agentic shopping tools can have on the e-commerce company moving forward.  Prime Day is a sales event for  Amazon  Prime members.  This year, Prime Day will run from June 23 to June 26, giving members four days to check out deals on a laundry list of items, including clothes, electronics, beauty products, and more.",Barrons.com,68
COST,2026-06-23T01:03:00Z,Sprouts takes on rival Whole Foods with this key move,"With more Americans seeking out organic food and fresh produce, natural grocery chains like Sprouts Farmers Market stand to benefit. But there’s a lot of competition in the fresh produce lane. It's not just grocery chains such as Trader Joe’s and Whole Foods battling for market share; Sprouts also ...",TheStreet,50
COST,2026-06-22T21:42:59Z,Costco shares where it's spending its cash next,"Costco has a quiet public relations strategy that keeps it in the news without generating controversy. First, the chain never tells members exactly when it plans to raise the cost of a membership. It generally does that every five years, but its most recent increase happened seven years and two ...",TheStreet,51
COST,2026-06-22T12:07:00Z,Amazon’s Prime Day sale could spur $26.3B in US e-commerce,"As usual, rivals have scrambled to compete with the e-commerce giant’s summer sale, which is earlier than ever this year.",Retail Dive,20
COST,2026-06-22T10:18:07Z,Duluth Trading taps Amazon for fulfillment on e-commerce giant’s site,The wholesale model aims to enable the workwear retailer to tap into the popularity of Prime shipping while freeing up time to focus on its own digital portfolio and stores.,Supply Chain Dive,30
COST,2026-06-21T05:07:09Z,Costco (COST) Is Tackling Parking And Checkout Pain Points In Its Warehouses,"Costco Wholesale (NasdaqGS:COST) is rolling out new technology to speed up checkout and membership verification in its warehouses. The company is also expanding and relocating certain warehouses to relieve parking shortages and improve in-store traffic flow. These moves focus on practical upgrades to the on-site member experience, beyond previously discussed sales, valuation, or digital initiatives. Costco Wholesale operates a membership-based warehouse model that relies heavily on high...",Simply Wall St.,67
COST,2026-06-20T16:37:00Z,Target makes its smartest $1 billion investment yet,"Target has faced no shortage of challenges over the past few years. Like many retailers, the company has had to navigate shifting consumer spending habits, inflationary pressures, and a retail environment where shoppers have become more selective about where they spend their money. Plus, as Target ...",TheStreet,47
HD,2026-06-22T19:12:05Z,Why Home Depot (HD) Still Looks Resilient Despite a Muted Home Improvement Backdrop,"The Home Depot, Inc. (NYSE:HD) is one of Kevin O’Leary’s top stock picks for 2026 through the O’Shares U.S. Quality Dividend ETF. The stock made up 3.87% of the ETF as of June 17, 2026. On May 19, 2026, Home Depot reported first-quarter fiscal 2026 sales of $41.8 billion, up 4.8% from the prior year, […]",Insider Monkey,56
HD,2026-06-22T16:13:26Z,How Dividend Consistency and Margin Resilience At Home Depot (HD) Have Changed Its Investment Story,"In recent days, Home Depot highlighted its resilience by reaffirming full-year margin guidance, sustaining 157 consecutive quarterly dividends, and continuing quarterly payments of US$2.33 per share amid a soft home improvement backdrop and housing affordability pressures. At the same time, the retailer’s expanding professional contractor ecosystem, recent acquisitions, and growing digital sales are reshaping its growth profile even as reputational questions around diversity, equity, and...",Simply Wall St.,65
HD,2026-06-22T13:55:00Z,Can Margin Strength Offset Demand Challenges at Home Depot?,"HD's margin resilience, Pro strength and strategic expansion may help buffer weak demand as housing pressures continue to weigh on spending.",Zacks,21
HD,2026-06-22T13:09:10Z,"Here is why The Home Depot, Inc. (HD) is among the Best Building Materials Stocks to Buy for the Residential Recovery","With a short percentage of shares outstanding of 1.21%, The Home Depot, Inc. (NYSE:HD) is among the 7 Best Building Materials Stocks to Buy for the Residential Recovery. On May 20, UBS analyst Michael Lasser reduced his price target on The Home Depot, Inc. (NYSE:HD) to $430 from $450 while maintaining a Buy rating on the shares. Despite the lower target, […]",Insider Monkey,62
HD,2026-06-19T19:40:03Z,Is Plug Power Inc. (PLUG) A Good Stock To Buy Now?,"Is PLUG a good stock to buy? We came across a bullish thesis on Plug Power Inc. on TradersPro’s Substack. In this article, we will summarize the bulls’ thesis on PLUG. Plug Power Inc.’s share was trading at $2.8000 as of June 15th. Plug Power, Inc. (PLUG) is positioned as a leading hydrogen energy infrastructure company benefiting […]",Insider Monkey,58
HD,2026-06-19T17:08:32Z,3 Stocks Retirees Are Quietly Loading Up on in June,"Mid-June is when income-focused investors typically run a quiet portfolio audit: are the dividend checks still landing, is the yield still competitive and does each name hold up if the market wobbles into year-end? Three large-cap NYSE names — Verizon (NYSE:VZ), Home Depot (NYSE:HD) and Duke Energy (NYSE:DUK) — keep showing up on that short list, ... 3 Stocks Retirees Are Quietly Loading Up on in June",24/7 Wall St.,67
TGT,2026-06-22T15:42:26Z,Amazon Prime Day Forecast Is For Record Sales. Can It Revive Amazon Stock?,Amazon stock is slumping as the company preps for its four-day Prime Day 2026 sales event. Analysts expect record spending.,Investor's Business Daily,20
TGT,2026-06-22T13:16:00Z,Can Target's $5 Billion Investment Plan Deliver Strong Returns?,"Target's $5B investment push spans stores, remodels, supply chain and tech, with early margin and inventory gains as ROIC slips.",Zacks,20
TGT,2026-06-22T12:55:01Z,Amazon Prime Day Set to Generate Record Online Spending as Retailers Compete for Shoppers (AMZN),"Amazon. com Inc. (NASDAQ:AMZN) is preparing to launch its 12th annual Prime Day event on Tuesday, with industry forecasts pointing to a significant surge in online spending across the retail sector.",InvestorsHub,31
DIS,2026-06-22T20:22:00Z,ABC Launches On-Air Campaign Against FCC Investigations,The Disney-owned network is encouraging viewers to tell the FCC to drop probes into “The View” and ABC broadcast licenses.,The Wall Street Journal,20
DIS,2026-06-22T18:40:00Z,Disney earnings expected to show improving US park attendance,"Walt Disney Co (NYSE:DIS, XETRA:WDP) is expected to report modestly improving attendance trends at its domestic theme parks in its fiscal third quarter, Bank of America analysts have projected ahead of the entertainment giant’s upcoming report. The bank’s analysts wrote that Disney's...",Proactive,42
DIS,2026-06-22T10:28:00Z,Micron Earnings Will Likely Whip Up AI Frenzy. Why That’s Bad for Markets.,"U.S.-Iran talks continue in Switzerland, housing is out of its deep freeze, the next hot quantum stock is an AI data center play, and more news to start your day.",Barrons.com,30
DIS,2026-06-22T08:57:00Z,"The Zacks Analyst Blog Highlights Netflix, Amazon, Disney and Apple","Despite solid fundamentals and a growing content pipeline, Netflix's premium valuation raises questions. Here's whether NFLX is worth buying at current levels.",Zacks,22
DIS,2026-06-22T07:55:19Z,1 Cash-Producing Stock Worth Your Attention and 2 We Ignore,"While strong cash flow is a key indicator of stability, it doesn’t always translate to superior returns. Some cash-heavy businesses struggle with inefficient spending, slowing demand, or weak competitive positioning.",StockStory,30
DIS,2026-06-22T02:06:06Z,Disney (DIS) Plans Shanghai Resort Expansion As Toy Story 5 Builds Its Content Pipeline,"Shanghai Disney Resort, part of Walt Disney's global operations, is planning a multi billion dollar expansion that includes new hotels and an additional theme park. The build out sits alongside upcoming theatrical releases such as Toy Story 5 and new animated content that are expected to support the Experiences and film segments. The combined investment in physical assets and content is intended to deepen Disney's presence in the Chinese market and broaden its global entertainment...",Simply Wall St.,75
UBER,2026-06-22T22:43:12Z,"Shareholders sue Uber’s board over sexual assaults, other incidents","The lawsuit, led by a Detroit pension fund, alleges Uber's board and management has cut too many compliance corners, resulting in thousands of lawsuits.",TechCrunch,24
UBER,2026-06-22T15:11:43Z,Uber’s Kristi Argyilan on How Ad Strategy Impacts Consumers at Cannes Lions,Uber’s Kristi Argyilan joins NYSE Live to discuss Ad strategy and how it impacts consumers at the Cannes Lions festival,NYSE,20
UBER,2026-06-22T14:36:19Z,Uber-Backed Bike And Scooter Rental Firm Lime Seeks $1.8 Billion Valuation In IPO,"The Lime IPO will include a purchase of $20 million in shares by Uber, which is already a major backer of the e-scooter and bike firm.",Investor's Business Daily,26
UBER,2026-06-22T14:22:06Z,"Uber board sued over alleged 'serial' compliance failures, sexual abuse lawsuits","Uber Technologies' board was sued on Monday by shareholders who accused management and directors of letting the ride-sharing company cut ‌corners on compliance, leading to thousands of lawsuits from victims of sexual ‌assault and harassment.  In a complaint filed in San Francisco federal court, shareholders led by a Detroit pension fund ​said board members ignored repeated internal and external warnings about Uber's alleged failure to address sexual abuse by drivers.  Shareholders said oversight failures were also a factor in two lawsuits last year by the federal government.",Reuters,87
UBER,2026-06-22T13:19:00Z,Ford vs. Stellantis: Which Auto Manufacturer Is a Better Choice?,"F's stronger earnings outlook, pricing discipline and Ford Pro growth give it an edge over STLA, whose long-term plans face near-term headwinds.",Zacks,22
UBER,2026-06-22T12:22:01Z,Lime seeks up to $1.66 billion valuation in US IPO,"Investing.com -- Lime, the electric bike and scooter rental company backed by Uber, plans to raise funds through a U.S. initial public offering that could value the firm at up to $1.66 billion.",Investing.com,33
CRM,2026-06-23T06:55:17Z,Jim Cramer Discusses Big Salesforce (CRM) Deal,"We recently published Jim Cramer Discussed Expensive Phones, A Cheap Stock Sector & These 18 Stocks. Salesforce, Inc. (NYSE:CRM) is one of the stocks discussed by Jim Cramer. Customer relationship management software products provider Salesforce, Inc. (NYSE:CRM)’s shares are down by 41% over the past year and by 40% year-to-date. Truist kept a Buy rating […]",Insider Monkey,56
CRM,2026-06-23T01:47:19Z,Why Salesforce (CRM) Shares Are Sliding Today,"Shares of CRM software giant Salesforce (NYSE:CRM) fell 1.8% in the afternoon session after a confluence of high-profile AI talent departures from Alphabet, and a regulatory overhang pulled the entire communication-services and software complex lower. Alphabet fell roughly 6%.",StockStory,39
CRM,2026-06-23T01:23:19Z,"Bentley Systems, Amplitude, and Okta Shares Are Falling, What You Need To Know","A number of stocks fell in the afternoon session after a confluence of high-profile AI talent departures from Alphabet, and a regulatory overhang pulled the entire communication-services and software complex lower.",StockStory,31
CRM,2026-06-23T01:15:19Z,"Tenable, PagerDuty, and HubSpot Shares Are Falling, What You Need To Know","A number of stocks fell in the afternoon session after a confluence of high-profile AI talent departures from Alphabet, and a regulatory overhang pulled the entire communication-services and software complex lower.",StockStory,31
CRM,2026-06-23T01:07:19Z,"Health Catalyst, Zoom, and Autodesk Shares Are Falling, What You Need To Know","A number of stocks fell in the afternoon session after a confluence of high-profile AI talent departures from Alphabet, and a regulatory overhang pulled the entire communication-services and software complex lower.",StockStory,31
CRM,2026-06-23T00:35:19Z,"Upstart, Atlassian, and Asure Software Shares Are Falling, What You Need To Know","A number of stocks fell in the afternoon session after a confluence of high-profile AI talent departures from Alphabet, and a regulatory overhang pulled the entire communication-services and software complex lower.",StockStory,31
CRM,2026-06-22T23:31:19Z,Why Fastly (FSLY) Stock Is Nosediving,"Shares of edge cloud platform Fastly (NASDAQ:FSLY) fell 5.2% in the afternoon session after a confluence of high-profile AI talent departures from Alphabet, and a regulatory overhang pulled the entire communication-services and software complex lower.",StockStory,35
CRM,2026-06-22T23:23:19Z,"Rapid7, Braze, and Teradata Stocks Trade Down, What You Need To Know","A number of stocks fell in the afternoon session after a confluence of high-profile AI talent departures from Alphabet, and a regulatory overhang pulled the entire communication-services and software complex lower.",StockStory,31
CRM,2026-06-22T23:15:19Z,"Domo and DigitalOcean Shares Are Falling, What You Need To Know","A number of stocks fell in the afternoon session after a confluence of high-profile AI talent departures from Alphabet, and a regulatory overhang pulled the entire communication-services and software complex lower.",StockStory,31
ORCL,2026-06-23T07:09:08Z,"Oracle slashes 21,000 jobs, citing strategy and AI-led overhaul",The company stated it is adapting its business model to meet evolving technology demands and the growing use of AI.,Verdict,20
ORCL,2026-06-23T06:56:05Z,Jim Cramer Shares Why He’s A Believer In CoreWeave (CRWV),"We recently published Jim Cramer Discussed Expensive Phones, A Cheap Stock Sector & These 18 Stocks. CoreWeave Inc. (NASDAQ:CRWV) is one of the stocks discussed by Jim Cramer. AI computing infrastructure provider CoreWeave Inc. (NASDAQ:CRWV) is one of Jim Cramer’s favorite stocks. The shares are down by 35% over the past year and are up […]",Insider Monkey,56
ORCL,2026-06-23T06:19:00Z,"Oracle Sheds 21,000 Jobs as It Continues AI-Focused Streamlining","The tech company’s head count shrank by roughly 13% in its previous fiscal year, as it continued to invest in artificial intelligence.",The Wall Street Journal,22
ORCL,2026-06-22T22:59:19Z,"Oracle (ORCL) Stock Trades Down, Here Is Why","Shares of enterprise software giant Oracle (NYSE:ORCL) fell 5% in the afternoon session after a confluence of high-profile AI talent departures from Alphabet, and a regulatory overhang pulled the entire communication-services and software complex lower. Alphabet fell roughly 6%. Microsoft slipped as well. When the two largest software-adjacent megacaps decline together, the sector indices follow mechanically given their index weight. But the deeper driver was the market's persistent fear that AI",StockStory,71
ORCL,2026-06-22T22:10:26Z,"Oracle (ORCL) Cuts 21,000 Jobs As It Prepares $50 Billion AI Buildout","Oracle (NYSE:ORCL) plans to reduce its workforce by about 13%, or roughly 21,000 employees, in fiscal 2026 as part of a broad restructuring. The company reported its largest-ever quarterly results alongside an AI focused expansion and a contracted backlog that now exceeds its market value. Oracle is preparing to raise up to $50b in new capital to fund AI infrastructure, with more than half of its backlog estimated to be tied to OpenAI related commitments. Oracle enters this restructuring...",Simply Wall St.,79
KO,2026-06-23T04:57:45Z,"Coca-Cola’s $20 Billion Tax Case is Headed to Appeals Court, WSJ Reports","With a 5-Year Average Dividend Growth Rate of 6.21%, The Coca-Cola Company (NYSE:KO) is included among the Top 11 Dividend Kings to Buy for Safe Dividend Growth. On June 22, The Wall Street Journal reported that The Coca-Cola Company (NYSE:KO) and the IRS are heading to court in a long-running dispute involving $20 billion. The case […]",Insider Monkey,57
KO,2026-06-22T21:25:29Z,Coca-Cola takes its fight with the IRS to federal appeals court with $20B on the line,"Coca-Cola takes its transfer pricing tax dispute with the IRS to a federal appeals court in Miami, with an estimated $20 billion in taxes at stake.",Fox Business,26
KO,2026-06-22T19:34:00Z,Berkshire Looked Like It Got a Bargain on Alphabet Stock. It Didn’t.,Alphabet’s big stock drop was spurred by a Google DeepMind scientist who is leaving for Anthropic. His departure is a blow to Alphabet’s AI initiatives.,Barrons.com,25
KO,2026-06-22T18:17:00Z,Coca-Cola faces $20 billion tax bill in IRS lawsuit,"Coca-Cola is a dividend king with 64 straight years of payout increases, a presence in more than 200 countries, and a place in the Dow. The Internal Revenue Service believes the beverage giant owes up to $20 billion in additional taxes and interest tied to its overseas profit allocations. A federal ...",TheStreet,52
KO,2026-06-22T13:09:35Z,The Portfolio That Quietly Pays For Your Gasoline Forever,"The average American household spent about $200 per month on gasoline according to the latest federal expenditure data. With gasoline prices remaining elevated in 2026, many families are paying considerably more. Most people treat their gas bill as a fact of life. Investors can treat it as an income target. The goal is simple: build ... The Portfolio That Quietly Pays For Your Gasoline Forever",24/7 Wall St.,65
KO,2026-06-22T12:27:19Z,3 Mega-Cap Stocks with Exciting Potential,"“Too big to fail” is how we would describe the megacap stocks in this article today. While they will likely stand the test of time, it’s not all sunshine and rainbows as their scale can limit their ability to find new sources of growth.",StockStory,44
KO,2026-06-22T12:08:49Z,"With $20 Billion at Stake, Coca Cola Is Calling IRS' Bluff","This is a transfer pricing dispute from 20 years ago. If Coca-Cola wins, it's $20 billion worth of back taxes, if it loses, it pays up $14 billion.",Moby,28
PEP,2026-06-22T21:35:07Z,Domino's names veteran executive as new CEO amid slowing pizza sales,Domino's named chief operating officer and US president Joe Jordan as its next CEO. The stock is down 30% year to date.,Yahoo Finance,22
PEP,2026-06-22T02:48:21Z,"PepsiCo (PEP) Faces Softer Consumption Trends, According to Deutsche Bank","PepsiCo, Inc. (NASDAQ:PEP) is included among the Top 12 Dividend Stocks to Buy According to Billionaire Cliff Asness. On July 18, Deutsche Bank lowered its price recommendation on PepsiCo, Inc. (NASDAQ:PEP) to $168 from $173. It reiterated a Buy rating on the shares. The move came ahead of the company’s fiscal second-quarter earnings report. The […]",Insider Monkey,56
PEP,2026-06-21T19:37:00Z,Discontinued Pepsi soda brand quietly returns to stores,"When a manufacturer discontinues a product, it knows it's running the risk of alienating some customers. When Coca-Cola killed TaB, its first diet cola, the chain angered a dedicated fanbase that has protested the loss since. ""Coca-Cola’s first diet cola. Discontinued in 2020 after 57 years, but ...",TheStreet,48
PEP,2026-06-19T10:52:58Z,3 Reasons to Sell PEP and 1 Stock to Buy Instead,"Since December 2025, PepsiCo has been in a holding pattern, posting a small loss of 4.1% while floating around $142.12. The stock also fell short of the S&P 500’s 8.9% gain during that period.",StockStory,34
PEP,2026-06-19T08:16:28Z,PepsiCo (PEP) Stock Could Be 46.9% Below Fair Value as Views Split,"PepsiCo (PEP) is back in focus after recent share price moves, with the stock around $142 and short term returns mixed. This raises fresh questions about how investors might view its current valuation. See our latest analysis for PepsiCo. Recent share price moves for PepsiCo look subdued in the short term, with the 30 day share price return down 4.87%, while the 1 year total shareholder return of 14.39% reflects a more supportive longer term picture. If PepsiCo’s recent moves have you...",Simply Wall St.,82
PEP,2026-06-18T16:30:16Z,"3 Dividend Aristocrats: Buy, Sell or Hold?","Three Dividend Aristocrats, three different setups. PepsiCo (NASDAQ:PEP) trades at $146.12 and screens as the most attractive of the three. Coca-Cola (NYSE:KO) at $80.28 looks fully valued. Procter & Gamble (NYSE:PG) at $152.49 faces a tougher near-term setup. With the S&P 500 up 10.03% year to date, each name is pricing in a different story ... 3 Dividend Aristocrats: Buy, Sell or Hold?",24/7 Wall St.,63
PEP,2026-06-16T18:57:04Z,2 S&P 500 Stocks for Long-Term Investors and 1 We Question,"The S&P 500 (^GSPC) is home to the biggest and most well-known companies in the market, making it a go-to index for investors seeking stability. But not all large-cap stocks are created equal - some are struggling with slowing growth, declining margins, or increased competition.",StockStory,45
MCD,2026-06-22T20:43:48Z,Experts Warn: Companies Cutting Headcount to Boost Efficiency May Be Betting on the Wrong Future,"A recent Motley Fool Hidden Gems Investing segment featured guests Phil LeBrun, former international CIO of McDonald’s, and Dr. Jana Werner, executive advisor at AWS, who are co-authors of the book The Octopus Organization. The book describes how successful companies continue to evolve rather than declaring victory and standing still. Their core warning is aimed ... Experts Warn: Companies Cutting Headcount to Boost Efficiency May Be Betting on the Wrong Future",24/7 Wall St.,71
MCD,2026-06-22T19:13:51Z,How McDonald’s (MCD) Is Using Its NEXT Strategy to Protect Growth and Restaurant Productivity,"McDonald’s Corporation (NYSE:MCD) is one of Kevin O’Leary’s top stock picks for 2026 through the O’Shares U.S. Quality Dividend ETF. The stock made up 3.53% of the ETF as of June 17, 2026. On June 1, 2026, McDonald’s introduced McDonald’s > NEXT, a new systemwide strategy aimed at driving growth and restaurant productivity. The company […]",Insider Monkey,56
MCD,2026-06-20T15:05:24Z,McDonald's brings back collectible World Cup fan favorite,"For two weeks every four years, Americans embrace soccer and may even remember that the rest of the world calls it football. This year, however, football-mania will be running even more wild than during a typical World Cup because the United States is hosting the global event. That's a massive ...",TheStreet,51
MCD,2026-06-18T10:56:00Z,Trump Loves the Stock Market but Rally Needs More Than Iran Bump. And 5 Other Things to Know Today.,"Warsh kills Fed guidance but the signs are clear on rates, peace deal leaves big questions over Hormuz and oil",Barrons.com,20
MCD,2026-06-17T20:15:07Z,McDonald’s (MCD) Brings Back Fried Apple Pie After More Than 30 Years,"McDonald's is bringing back its Fried Apple Pie for a limited time starting June 22. The dessert was removed from U.S. menus in 1992 and has been a frequent subject of customer requests. The move is part of a nostalgia focused marketing push aimed at boosting engagement and store visits. For investors watching McDonald's, the return of the Fried Apple Pie adds a consumer focused angle to a stock that last closed at $287.93 on the NYSE:MCD ticker. Over the past 5 years, the stock is up...",Simply Wall St.,87
NKE,2026-06-23T05:09:19Z,Does John Rogers’ Board Exit Reframe Nike’s (NKE) Turnaround and Brand Strategy Priorities?,"NIKE, Inc. recently announced that long-time director John Rogers, Jr. will retire from its Board after the September 2026 Annual Meeting, then continue as a strategic advisor focused on the future of sport and social community impact. This governance shift arrives as Nike balances a business turnaround, direct-to-consumer expansion, and high-profile World Cup marketing opportunities that spotlight its brand. We’ll now examine how John Rogers’ board exit and advisory role could influence...",Simply Wall St.,72
NKE,2026-06-22T20:31:42Z,Stock Market Today: Dow Up As Bessent Makes This Iran Move; SpaceX Craters (Live Coverage),The Dow Jones index rises as Treasury Secretary Scott Bessent makes an Iran move. SpaceX craters on the stock market today. Some AI stocks test buy points.,Investor's Business Daily,27
NKE,2026-06-19T19:16:58Z,A Look Back at Consumer Discretionary - Footwear Stocks’ Q1 Earnings: Nike (NYSE:NKE) Vs The Rest Of The Pack,"As the craze of earnings season draws to a close, here’s a look back at some of the most exciting (and some less so) results from Q1. Today, we are looking at consumer discretionary - footwear stocks, starting with Nike (NYSE:NKE).",StockStory,41
NKE,2026-06-19T03:35:14Z,"UBS Trims Nike (NKE) Forecast, Cites Concerns over Upcoming Guidance","NIKE, Inc. (NYSE:NKE) is included among the Dividend Stock Portfolio: Top 10 Stocks to Buy According to Reddit. On June 10, UBS lowered its price recommendation on NIKE, Inc. (NYSE:NKE) to $50 from $54. It reiterated a Neutral rating on the stock. Analyst Jay Sole said he sees a “slightly negative upside/downside skew” heading into […]",Insider Monkey,56
NKE,2026-06-18T21:50:05Z,Nike (NKE) Outperforms Broader Market: What You Need to Know,"Nike (NKE) reached $45.2 at the closing of the latest trading day, reflecting a +2.29% change compared to its last close.",Zacks,21
XOM,2026-06-22T17:07:45Z,Is Exxon Mobil’s (XOM) Support for Sable Offshore Revealing a New Approach to Legacy Liabilities?,"Sable Offshore Corp. previously amended its Senior Secured Term Loan Agreement with Exxon Mobil, extending the loan’s maturity to July 24, 2026 at the latest, while also securing a limited waiver of plug-and-abandonment (P&A) financial security obligations tied to a November 2022 purchase and sale agreement. In exchange for a US$30.00 million amendment fee and temporary relief from a US$25.00 million minimum liquidity covenant, Sable plans to resize and refinance its term loan and pursue...",Simply Wall St.,75
XOM,2026-06-22T17:00:00Z,The Race to Revive Venezuela’s Vast Oil Wealth Is Underway,"Venezuela is attracting renewed interest from major energy companies as oil production rises, but decades of infrastructure decay, corruption, and underinvestment remain significant obstacles to a full recovery.",Oilprice.com,28
XOM,2026-06-22T16:12:36Z,Exxon Mobil (XOM) Is Moving Its Legal Home To Texas In 2026,"Exxon Mobil (NYSE:XOM) plans to change its legal domicile from New Jersey to Texas. The move will take effect on July 1, 2026, through a new parent company, ExxonMobil Holdings Corporation. Shareholders have approved the redomiciliation, which will make ExxonMobil Holdings Corporation the new publicly traded parent. Exxon Mobil is one of the largest integrated oil and gas companies, with operations that span exploration, production, refining, and chemicals. For investors, the announced...",Simply Wall St.,72
XOM,2026-06-22T14:09:26Z,"Exxon Saves Billions, But Margins Still Cut In Half","Management once built its transformation story on massive cost discipline — and it's still telling it, louder than ever. Yet as profit margins fall by nearly half, a harder question emerges: if record cost savings can't hold the line, how resilient is the ""transformed"" company really.",Trefis,46
XOM,2026-06-22T13:17:29Z,XLE’s Concentration Risk Meets Oil’s Next Move: What to Monitor in June,"The Energy Select Sector SPDR Fund (NYSEARCA:XLE) has had a volatile two months. XLE climbed to $61.29 on May 19 as Brent crude touched $124.61 in early April on the de facto closure of the Strait of Hormuz, then gave back 12% in a month as crude collapsed toward the mid-$80s. The fund is still ... XLE’s Concentration Risk Meets Oil’s Next Move: What to Monitor in June",24/7 Wall St.,68
XOM,2026-06-22T13:00:05Z,Exxon Mobil Corporation (XOM) Is a Trending Stock: Facts to Know Before Betting on It,"Recently, Zacks.com users have been paying close attention to Exxon (XOM). This makes it worthwhile to examine what the stock has in store.",Zacks,23
XOM,2026-06-22T11:47:26Z,Energy’s Hottest Trade: 6 High-Yielding Integrateds and Midstream Giants Are All Strong Buys,"While the hopes for a permanent cease-fire and a cessation of hostilities are the ultimate end-game plan for Iran and the Middle East, the reality is that while spot prices have plummeted to the lowest level since March, there will be an incredible amount of work and resources to put the supply chain and the ... Energy’s Hottest Trade: 6 High-Yielding Integrateds and Midstream Giants Are All Strong Buys",24/7 Wall St.,69
XOM,2026-06-22T11:17:40Z,New ETF Turns Stock Dividends Into Bitcoin DCA: Bitcoin Microtransactions Explode,"In Bitcoin news today, Franklin Templeton filed two new exchange-traded funds with the SEC on June 18, 2026, that would automatically convert US stock dividends into Bitcoin exposure, a structure that effectively turns every quarterly payout from Apple, Microsoft, or ExxonMobil into a rules-based Bitcoin DCA purchase. The filing arrives ...",99bitcoins,51
XOM,2026-06-21T18:35:00Z,"While Oil Prices Have Fallen From Their Peak, Here's Why They Could Rise Again in the Future.","The agreement to end the Middle East conflict has pushed oil prices lower, but that could be a temporary reprieve.",Motley Fool,20
CVX,2026-06-23T08:35:47Z,Chevron Corporation (CVX): Top 10 Cheap Jim Cramer Stocks To Buy,"Chevron Corporation (NYSE:CVX) is one of the 10 Cheap Jim Cramer Stocks to Invest In Right Now. On May 21, 2026, Chevron U.S.A. Inc., a subsidiary of Chevron Corporation (NYSE:CVX), launched its next-generation Techron fuel additive across all grades at Chevron and Texaco stations nationwide. The scientifically tested reformulation is designed to protect engines from […]",Insider Monkey,56
CVX,2026-06-23T08:15:00Z,Chevron vs. BP: Which Stock Wins the Gulf of America Growth Race? (Revised),CVX and BP are expanding their Gulf of America footprints through major projects and discoveries. Which energy giant offers the stronger investment case?,Zacks,23
CVX,2026-06-23T02:15:09Z,Microsoft (MSFT) And Chevron Build A Huge Power Backing For AI Data Centers,"Chevron and Microsoft announced a large co-located natural gas power plant and data center project in the US, focused on supporting AI infrastructure. The project is designed to secure dedicated energy capacity for Microsoft's growing AI data center workloads. The development plans to use non-freshwater sources and is expected to have a meaningful economic impact on the surrounding region. For investors watching Microsoft, ticker NasdaqGS:MSFT, this energy partnership comes at a time when...",Simply Wall St.,73
CVX,2026-06-23T01:16:30Z,Caterpillar (CAT) Lands Key Role In Chevron Microsoft AI Data Center Build,"Caterpillar (NYSE:CAT) is supplying engines and turbines to power a massive Microsoft AI data center in West Texas. The project is tied to a 20-year natural gas supply agreement between Chevron and Microsoft. Caterpillar's Power Generation segment is seeing strong demand, with record order backlogs linked to AI-related infrastructure projects. This new role in powering a large AI data center puts Caterpillar directly in the path of long-term computing and energy buildouts. While the company...",Simply Wall St.,75
CVX,2026-06-23T00:52:35Z,"The Big Tech Investment Cycle is Shifting, and Chevron Just Wrote the Blueprint for the AI Power Trade.",The new partnership between energy giant Chevron and hyperscaler Microsoft highlights that the next phase of the artificial intelligence trade is plugging directly into the power grid.,Barchart,27
CVX,2026-06-22T20:37:19Z,Microsoft and Chevron plan one of the largest gas-powered data center projects in US,"Microsoft inked a 20-year power purchase agreement with Chevron, locking in decades of carbon emissions from a new natural gas power plant.",TechCrunch,22
CVX,2026-06-22T20:15:10Z,Oil Giant Emerges As An AI Power Play; Two Key Suppliers Rally,"Chevron announced Monday that it will power a huge Microsoft data center in West Texas with natural gas, using gas turbines supplied by GE Vernova and Caterpillar.  GE Vernova stock rose near a buy point, and Caterpillar stock jumped.  Project Kilby, as it is known, is expected to produce 2.7 gigawatts of electricity.",Investor's Business Daily,53
PFE,2026-06-23T00:08:02Z,PFE Stock Reacts To Mixed Topline Results For Seagen-Origin Cancer Drug,"In the overall population, sigvotatug vedotin did not demonstrate a statistically significant improvement in overall survival compared with chemotherapy medicine docetaxel.",Stocktwits,21
PFE,2026-06-22T20:02:43Z,"Eli Lilly vs Pfizer: One Owns the Obesity Market Today, The Other Paid to Compete Tomorrow","Eli Lilly (NYSE: LLY) and Pfizer (NYSE: PFE) just delivered Q1 2026 results that read like two different chapters of the same drug industry. Lilly is sprinting through an obesity gold rush. Pfizer is rebuilding after COVID and buying its way into the same race. Both beat estimates, but the businesses underneath could not feel ... Eli Lilly vs Pfizer: One Owns the Obesity Market Today, The Other Paid to Compete Tomorrow",24/7 Wall St.,72
PFE,2026-06-22T15:23:19Z,2 Reasons to Like ZTS and 1 to Stay Skeptical,"Zoetis has gotten torched over the last six months - since December 2025, its stock price has dropped 36.6% to $78.46 per share. This was partly driven by its softer quarterly results and may have investors wondering how to approach the situation.",StockStory,42
PFE,2026-06-22T14:46:24Z,Merck Stock’s New Drugs Were Already Answering The Big Question,"While Wall Street fretted over the future of its biggest blockbuster, a pair of new drugs were already showing the company's next act was well underway.",Trefis,26
PFE,2026-06-22T13:35:00Z,Can Sanofi Rely on Dupixent to Drive Long-Term Revenue Growth?,"SNY's Dupixent is expanding into new diseases and geographies, strengthening its position as a key driver of long-term revenue growth.",Zacks,20
PFE,2026-06-22T12:26:00Z,Can Alnylam's Broader Portfolio Ease Its Dependence on Amvuttra?,"Amvuttra is the primary driver of ALNY's revenues, but growth from Givlaari, Oxlumo and Leqvio may help diversify the company's top line.",Zacks,22
PFE,2026-06-22T10:44:00Z,"Healthcare Investors GHO, CBC Weigh New Global Fund to Tap Into Asia’s Boom","Global Healthcare Opportunities and CBC Group discussed launching a new global fund after their merger, the firms’ heads said, as the healthcare investors move to tap into Asia’s rise as an innovation hub.",The Wall Street Journal,33
PFE,2026-06-21T15:30:06Z,Own 500 Shares of Pfizer and JNJ and Here’s Your Annual Dividend Income,"Passive income is the closest thing investors have to financial gravity. It pulls in money whether you are at your desk, on a beach, or asleep, and it lands in your account no matter what the broader market did that week. Earned income depends on showing up. Dividend income depends on a board of directors ... Own 500 Shares of Pfizer and JNJ and Here’s Your Annual Dividend Income",24/7 Wall St.,69
JNJ,2026-06-22T19:10:36Z,How Johnson & Johnson (JNJ) Is Using U.S. Manufacturing Investment to Strengthen Its Vision Business,"Johnson & Johnson (NYSE:JNJ) is one of Kevin O’Leary’s top stock picks for 2026 through the O’Shares U.S. Quality Dividend ETF. The stock made up 5.33% of the ETF as of June 17, 2026. On June 15, 2026, Johnson & Johnson announced an investment of more than $1 billion in Jacksonville, Florida, to expand its […]",Insider Monkey,56
JNJ,2026-06-22T18:56:47Z,"You Have $650,000. Is It Enough To Retire In The Big Easy?","A 67-year-old with a $650,000 portfolio and a Social Security check looks at New Orleans and sees a city that seems surprisingly affordable compared with many coastal retirement destinations. Home prices remain below those in much of Florida, California, and the Northeast, and the food, culture, and walkability are hard to replicate elsewhere. The question ... You Have $650,000. Is It Enough To Retire In The Big Easy?",24/7 Wall St.,68
JNJ,2026-06-22T17:07:49Z,Johnson & Johnson (JNJ) Is Spending More Than $1 Billion On Jacksonville Vision Expansion,"Johnson & Johnson (NYSE:JNJ) is investing more than $1b to expand its Vision manufacturing, packaging, and distribution facilities in Jacksonville, Florida. The expansion is part of a broader $55b U.S. investment initiative focused on manufacturing and R&D. The Jacksonville site will scale domestic production capacity for ACUVUE contact lenses using advanced manufacturing technologies. Johnson & Johnson enters this expansion with its stock at $228.39 and a long track record in healthcare...",Simply Wall St.,71
JNJ,2026-06-22T14:17:56Z,Don’t Wait For Your Rich Uncle To Die. Build Your Own Inheritance With This Portfolio,"Uncle Ralph owns a few rental properties, drives an old truck, and is rumored to be worth a fortune. At family gatherings, people joke about being remembered in the will. The problem is he may live another 20 years, spend more than expected, or leave the money somewhere else entirely. The math suggests a better ... Don’t Wait For Your Rich Uncle To Die. Build Your Own Inheritance With This Portfolio",24/7 Wall St.,71
JNJ,2026-06-22T13:52:00Z,AbbVie and Merck Face-Off: Which Pharma Stock Has the Lead?,ABBV's successful transition beyond Humira and growth from newer medicines give it an edge over MRK in this oncology-immunology showdown.,Zacks,20
JNJ,2026-06-22T12:47:31Z,Nanobiotix (NBTX) Provides Update on Operational Progress,"Nanobiotix S.A. (NASDAQ:NBTX) is one of the best small cap stocks to buy for the long term. Nanobiotix S.A. (NASDAQ:NBTX) announced on June 2 an update on operational progress and reported financial results for the first quarter of 2026. The company reported €42.1 million in cash and cash equivalents as of March 31, 2026, adding that it […]",Insider Monkey,58
JNJ,2026-06-22T12:15:23Z,Solvonis reports positive SVN-002 bridging data; CEO outlines next steps,"Solvonis Therapeutics (LSE:SVNS) CEO Anthony Tennyson joined Proactive's Stephen Gunnion to discuss positive bridging pharmacokinetic data from the SVN-002 programme and what it means for the company's strategy in alcohol use disorder. Solvonis is advancing SVN-002 toward a Phase 2b trial for moderate to severe alcohol use disorder in the US, repurposing Johnson & Johnson's approved esketamine treatment Spravato via the FDA's 505(b)(2) pathway. Preclinical PK studies showed comparable exposure levels of esketamine and its metabolites via sublingual and buccal delivery compared with intranasal administration — a key step in establishing the scientific bridge the FDA requires. ""We've established that esketamine delivered sublingual and buccal delivers the same exposure as esketamine delivered intranasal,"" Tennyson said. He pointed to a substantial commercial opportunity, with alcohol use disorder affecting around 15 million American adults, a far larger market than the treatment-resistant depression population Spravato currently serves. Tennyson said the data could support a narrower toxicology package and a faster, capital-efficient development timeline. Next steps include FDA discussions on toxicology requirements ahead of an IND application for the planned Phase 2b trial. For more Proactive interviews and market insights, visit the Proactive YouTube channel. Don't forget to like this video, subscribe to the channel and enable notifications so you never miss future content. #SolvonisTherapeutics #AnthonyTennyson #SVN002 #AlcoholUseDisorder #AUD #Biotech #Pharma #DrugDevelopment #Esketamine #Spravato #ClinicalTrials #FDA #HealthcareInnovation #LifeSciences #Investing",Proactive,225
PYPL,2026-06-22T17:23:00Z,PayPal's Checkout Recovery: Can Branded TPV Reaccelerate?,"PYPL's branded checkout TPV grows 2% in Q1 2026, indicating stabilization as investors watch whether the recovery can build from here.",Zacks,21
PYPL,2026-06-22T16:32:00Z,PayPal Ad Executive Explains How Shoppable Ads Are Disrupting Retail,"PayPal Ads SVP & General Manager Mark Grether discusses the launch of the power of transaction-based shoppable ad units. Grether explains how consumer shopping habits are shifting away from traditional search engines toward artificial-intelligence models, and why trust remains a critical factor for older demographics.",WSJ,45
PYPL,2026-06-22T15:37:10Z,"Buy, Hold, or Sell: PayPal Shed 46% as Wall Street Deserts Fintech. Is PYPL an Absolute Buy at $42?","PayPal (NASDAQ:PYPL) at $42.51 looks compelling for research. The stock has lost 37.46% over the past year while the business kept generating cash, retiring shares, and growing payment volume, and that gap between price action and fundamentals is the trade. PayPal runs the largest independent digital payments network outside the card schemes, anchored by branded ... Buy, Hold, or Sell: PayPal Shed 46% as Wall Street Deserts Fintech. Is PYPL an Absolute Buy at $42?",24/7 Wall St.,75
PYPL,2026-06-22T15:08:00Z,Affirm Pops 13.3% in a Month: Should Investors Chase the Rally?,"AFRM stock has surged 13.3% in a month, but rising credit losses, leverage and competition raise questions about how much upside remains.",Zacks,22
PYPL,2026-06-22T12:37:41Z,This Week In Digital Payment - Enhancing Nordic Bank Security Through CGI Entersekt Partnership,"CGI and Entersekt have partnered to enhance 3-D Secure (3DS) authentication services for issuing banks in the Nordics, aiming to strengthen fraud prevention while ensuring seamless customer experiences. This collaboration enables CGI in Norway to offer Entersekt’s cloud-based 3DS Access Control Server, implementing advanced authentication technologies such as biometrics and adaptive risk-based decisioning. Notably, Norion Bank in Sweden is the first to implement this solution as part of its...",Simply Wall St.,69
PYPL,2026-06-21T23:05:22Z,"Tech, crypto firms to help tackle illegal wildlife trade","To look ⁠for ways to eradicate online listings, including through AI-enabled detection and prevention. Represent a ⁠fifth of the global e-commerce market and 90% of the world's social media users. Vodafone, Vodacom, Safaricom to use ​AI ​in anti-money-laundering and transaction monitoring ​systems across mobile money ‌platform M-Pesa.",Reuters,47
PYPL,2026-06-21T12:01:22Z,"PayPal Shutters Venture Arm, Explores Portfolio Sales Amid Corporate Overhaul","PayPal Holdings Inc. is closing down PayPal Ventures, its decade-old corporate investing group. The unit’s staffing has dwindled to just two people, down from more than 10 late last year. PayPal has also been weighing secondary-market sales of some venture stakes and brought in Jefferies to advise on possible deals, according to Fortune. ""As part of our continued efforts to sharpen our focus, we are exploring strategic options for our corporate venture capital arm, PayPal Ventures,” a PayPal spo",Benzinga,79
PYPL,2026-06-20T22:07:07Z,PayPal Holdings (PYPL) Stock Could Be 48.2% Undervalued After Its AI Restructuring Push,"Recent restructuring moves at PayPal Holdings (PYPL), including a cost saving drive centered on AI, leadership changes, and the wind down of PayPal Ventures, have sharpened investor focus on the stock’s long term direction. See our latest analysis for PayPal Holdings. Despite active restructuring and product partnerships such as Shopware Payments, PayPal’s share price has lost momentum, with the year to date share price return down 26.88% and the 1 year total shareholder return down 38.79%,...",Simply Wall St.,76
SQ,2026-05-11T19:12:00Z,Block wins over skeptics as BofA raises estimates following post-restructuring rebound,"Block Inc (NYSE:SQ) is beginning to silence investor skepticism around its sweeping workforce reduction, with Bank of America raising its earnings estimates and reaffirming its Buy rating following the payments company's latest quarterly results. The Wall Street bank bumped its adjusted EPS...",Proactive,42
SQ,2026-05-08T17:00:24Z,Jack Dorsey touts Block's AI-driven restructuring,"The payments company posted strong adjusted earnings following a dramatic downsizing, which management attributed to the influence of artificial intelligence.",American Banker,20
SQ,2026-05-08T15:34:00Z,Block earnings beat driven by Cash App and Square strength,"Block Inc (NYSE:SQ) shares rose about 6.5% after it reported stronger-than-expected first-quarter 2026 earnings, highlighted by solid profit growth and improved margins, despite a slight revenue miss. Block (XYZ) reported adjusted earnings per share of $0.85, above analyst expectations of...",Proactive,40
SQ,2026-02-27T15:32:00Z,"Block shares surge on workforce reduction, in-line fourth quarter earnings","Block Inc (NYSE:SQ) shares rose 17% in early trade on Friday after the company reported fourth quarter earnings in line with analyst expectations and announced a major workforce reduction. The company said it is cutting more than 4,000 positions, reducing its staff by nearly half from over...",Proactive,47
SQ,2026-02-09T20:52:00Z,Block workforce reduction seen as key to hitting long-term profitability goals,"Block Inc (NYSE:XYZ) is reportedly considering a workforce reduction of up to 10%, according to a Bloomberg report that said “hundreds” of employees have been informed their roles may be cut during annual performance reviews. The company had fewer than 11,000 employees as of late November,...",Proactive,46
